Driver,Circuit,Note
Alexander Albon,Madrid Street Circuit,No Historical Data - New circuit in 2026
Andrea Kimi Antonelli,Madrid Street Circuit,No Historical Data - New circuit in 2026
Arvid Lindblad,Madrid Street Circuit,No Historical Data - New circuit in 2026
Carlos Sainz,Madrid Street Circuit,No Historical Data - New circuit in 2026
Charles Leclerc,Madrid Street Circuit,No Historical Data - New circuit in 2026
Esteban Ocon,Madrid Street Circuit,No Historical Data - New circuit in 2026
Fernando Alonso,Madrid Street Circuit,No Historical Data - New circuit in 2026
Franco Colapinto,Madrid Street Circuit,No Historical Data - New circuit in 2026
Gabriel Bortoleto,Madrid Street Circuit,No Historical Data - New circuit in 2026
George Russell,Madrid Street Circuit,No Historical Data - New circuit in 2026
Isack Hadjar,Madrid Street Circuit,No Historical Data - New circuit in 2026
Lance Stroll,Madrid Street Circuit,No Historical Data - New circuit in 2026
Lando Norris,Madrid Street Circuit,No Historical Data - New circuit in 2026
Lewis Hamilton,Madrid Street Circuit,No Historical Data - New circuit in 2026
Liam Lawson,Madrid Street Circuit,No Historical Data - New circuit in 2026
Max Verstappen,Madrid Street Circuit,No Historical Data - New circuit in 2026
Nico Hulkenberg,Madrid Street Circuit,No Historical Data - New circuit in 2026
Oliver Bearman,Madrid Street Circuit,No Historical Data - New circuit in 2026
Oscar Piastri,Madrid Street Circuit,No Historical Data - New circuit in 2026
Pierre Gasly,Madrid Street Circuit,No Historical Data - New circuit in 2026
Sergio Perez,Madrid Street Circuit,No Historical Data - New circuit in 2026
Valtteri Bottas,Madrid Street Circuit,No Historical Data - New circuit in 2026
Franco Colapinto,Albert Park (Australia),No prior appearances at this circuit
Franco Colapinto,Bahrain International Circuit,No prior appearances at this circuit
Franco Colapinto,Jeddah Corniche Circuit (Saudi Arabia),No prior appearances at this circuit
Franco Colapinto,Miami International Autodrome,No prior appearances at this circuit
Franco Colapinto,Shanghai International Circuit (China),No prior appearances at this circuit
Franco Colapinto,Suzuka Circuit (Japan),No prior appearances at this circuit
Arvid Lindblad,Albert Park (Australia),No F1 starts
Arvid Lindblad,Autodromo Hermanos Rodriguez (Mexico),No F1 starts
Arvid Lindblad,Autodromo Jose Carlos Pace (Interlagos),No F1 starts
Arvid Lindblad,Autodromo Nazionale di Monza,No F1 starts
Arvid Lindblad,Bahrain International Circuit,No F1 starts
Arvid Lindblad,Baku City Circuit,No F1 starts
Arvid Lindblad,Circuit Gilles Villeneuve (Canada),No F1 starts
Arvid Lindblad,Circuit Zandvoort,No F1 starts
Arvid Lindblad,Circuit de Barcelona-Catalunya,No F1 starts
Arvid Lindblad,Circuit de Monaco,No F1 starts
Arvid Lindblad,Circuit de Spa-Francorchamps,No F1 starts
Arvid Lindblad,Circuit of the Americas (Austin),No F1 starts
Arvid Lindblad,Hungaroring,No F1 starts
Arvid Lindblad,Jeddah Corniche Circuit (Saudi Arabia),No F1 starts
Arvid Lindblad,Las Vegas Strip Circuit,No F1 starts
Arvid Lindblad,Lusail International Circuit (Qatar),No F1 starts
Arvid Lindblad,Marina Bay Street Circuit (Singapore),No F1 starts
Arvid Lindblad,Miami International Autodrome,No F1 starts
Arvid Lindblad,Red Bull Ring (Austria),No F1 starts
Arvid Lindblad,Shanghai International Circuit (China),No F1 starts
Arvid Lindblad,Silverstone Circuit,No F1 starts
Arvid Lindblad,Suzuka Circuit (Japan),No F1 starts
Arvid Lindblad,Yas Marina Circuit (Abu Dhabi),No F1 starts
